<?xml version="1.0"?>
<cena version="0.8.2"><result judgetime="41496.7317883681"><problem title="line" filename="line.c" status="1" hash="1499829557" detail=""><testcase status="7" exitcode="0" detail="" time="0.03" memory="308" score="10"/><testcase status="7" exitcode="0" detail="" time="0.01" memory="308" score="10"/><testcase status="7" exitcode="0" detail="" time="0.03" memory="308" score="10"/><testcase status="7" exitcode="0" detail="" time="0.01" memory="308" score="10"/><testcase status="7" exitcode="0" detail="" time="0.01" memory="308" score="10"/><testcase status="7" exitcode="0" detail="" time="0.01" memory="308" score="10"/><testcase status="7" exitcode="0" detail="" time="0.01" memory="308" score="10"/><testcase status="7" exitcode="0" detail="" time="0.01" memory="308" score="10"/><testcase status="7" exitcode="0" detail="" time="0.37" memory="288" score="10"/><testcase status="7" exitcode="0" detail="" time="0.37" memory="288" score="10"/></problem><problem title="bag" filename="bag.c" status="1" hash="773969488" detail=""><testcase status="7" exitcode="0" detail="" time="0.01" memory="4164" score="10"/><testcase status="7" exitcode="0" detail="" time="0.01" memory="4164" score="10"/><testcase status="7" exitcode="0" detail="" time="0.01" memory="4164" score="10"/><testcase status="7" exitcode="0" detail="" time="0.01" memory="4164" score="10"/><testcase status="7" exitcode="0" detail="" time="0.03" memory="4164" score="10"/><testcase status="7" exitcode="0" detail="" time="0.01" memory="4164" score="10"/><testcase status="7" exitcode="0" detail="" time="0.01" memory="4164" score="10"/><testcase status="7" exitcode="0" detail="" time="0.01" memory="4164" score="10"/><testcase status="7" exitcode="0" detail="" time="0.01" memory="4164" score="10"/><testcase status="7" exitcode="0" detail="" time="0.01" memory="4164" score="10"/><testcase status="7" exitcode="0" detail="" time="0.01" memory="4164" score="10"/></problem></result></cena>
