<?xml version="1.0"?>
<cena version="0.8.2"><result judgetime="41501.6950367245"><problem title="cowrun" filename="cowrun.c" status="1" hash="795838820" detail=""><testcase status="7" exitcode="0" detail="" time="0.01" memory="39448" score="10"/><testcase status="7" exitcode="0" detail="" time="0.01" memory="39448" score="10"/><testcase status="7" exitcode="0" detail="" time="0.01" memory="39448" score="10"/><testcase status="7" exitcode="0" detail="" time="0.01" memory="39448" score="10"/><testcase status="7" exitcode="0" detail="" time="0.01" memory="39448" score="10"/><testcase status="7" exitcode="0" detail="" time="0.03" memory="39448" score="10"/><testcase status="7" exitcode="0" detail="" time="0.04" memory="39448" score="10"/><testcase status="7" exitcode="0" detail="" time="0.07" memory="39448" score="10"/><testcase status="7" exitcode="0" detail="" time="0.06" memory="39448" score="10"/><testcase status="7" exitcode="0" detail="" time="0.1" memory="39448" score="10"/></problem><problem title="zbrka" filename="zbrka.c" status="1" hash="1118997048" detail=""><testcase status="7" exitcode="0" detail="" time="0.01" memory="39584" score="5"/><testcase status="7" exitcode="0" detail="" time="0.01" memory="39584" score="5"/><testcase status="7" exitcode="0" detail="" time="0.01" memory="39584" score="5"/><testcase status="7" exitcode="0" detail="" time="0.01" memory="39584" score="5"/><testcase status="7" exitcode="0" detail="" time="0.01" memory="39584" score="10"/><testcase status="7" exitcode="0" detail="" time="0.01" memory="39584" score="10"/><testcase status="7" exitcode="0" detail="" time="0.07" memory="39584" score="10"/><testcase status="7" exitcode="0" detail="" time="0.01" memory="39584" score="10"/><testcase status="7" exitcode="0" detail="" time="0.03" memory="39584" score="10"/><testcase status="7" exitcode="0" detail="" time="0.07" memory="39584" score="10"/><testcase status="7" exitcode="0" detail="" time="0.14" memory="39584" score="10"/><testcase status="7" exitcode="0" detail="" time="0.18" memory="39584" score="10"/></problem><problem title="budget" filename="budget.c" status="1" hash="3930233620" detail=""><testcase status="7" exitcode="0" detail="" time="0.01" memory="996" score="10"/><testcase status="7" exitcode="0" detail="" time="0.01" memory="996" score="10"/><testcase status="7" exitcode="0" detail="" time="0.01" memory="996" score="10"/><testcase status="7" exitcode="0" detail="" time="0.01" memory="996" score="10"/><testcase status="7" exitcode="0" detail="" time="0.01" memory="996" score="10"/><testcase status="7" exitcode="0" detail="" time="0.03" memory="996" score="10"/><testcase status="7" exitcode="0" detail="" time="0.01" memory="996" score="10"/><testcase status="7" exitcode="0" detail="" time="0.01" memory="996" score="10"/><testcase status="7" exitcode="0" detail="" time="0.01" memory="996" score="10"/><testcase status="7" exitcode="0" detail="" time="0.01" memory="996" score="10"/></problem><problem title="energy" filename="" status="14" hash="0" detail=""><testcase status="14" exitcode="0" detail="" time="0" memory="0" score="0"/><testcase status="14" exitcode="0" detail="" time="0" memory="0" score="0"/><testcase status="14" exitcode="0" detail="" time="0" memory="0" score="0"/><testcase status="14" exitcode="0" detail="" time="0" memory="0" score="0"/><testcase status="14" exitcode="0" detail="" time="0" memory="0" score="0"/><testcase status="14" exitcode="0" detail="" time="0" memory="0" score="0"/><testcase status="14" exitcode="0" detail="" time="0" memory="0" score="0"/><testcase status="14" exitcode="0" detail="" time="0" memory="0" score="0"/><testcase status="14" exitcode="0" detail="" time="0" memory="0" score="0"/><testcase status="14" exitcode="0" detail="" time="0" memory="0" score="0"/></problem></result></cena>
