<?xml version="1.0"?>
<cena version="0.8.2"><result judgetime="41501.6902714583"><problem title="cowrun" filename="cowrun.c" status="1" hash="1418865030" detail=""><testcase status="7" exitcode="0" detail="" time="0.01" memory="1048" score="10"/><testcase status="7" exitcode="0" detail="" time="0.01" memory="1048" score="10"/><testcase status="7" exitcode="0" detail="" time="0.01" memory="1048" score="10"/><testcase status="7" exitcode="0" detail="" time="0.03" memory="1048" score="10"/><testcase status="7" exitcode="0" detail="" time="0.01" memory="1048" score="10"/><testcase status="7" exitcode="0" detail="" time="0.01" memory="1048" score="10"/><testcase status="7" exitcode="0" detail="" time="0.03" memory="1048" score="10"/><testcase status="7" exitcode="0" detail="" time="0.03" memory="1048" score="10"/><testcase status="7" exitcode="0" detail="" time="0.04" memory="1048" score="10"/><testcase status="7" exitcode="0" detail="" time="0.04" memory="1048" score="10"/></problem><problem title="zbrka" filename="zbrka.c" status="1" hash="3460530679" detail=""><testcase status="7" exitcode="0" detail="" time="0.01" memory="308" score="5"/><testcase status="7" exitcode="0" detail="" time="0.01" memory="308" score="5"/><testcase status="7" exitcode="0" detail="" time="0.01" memory="308" score="5"/><testcase status="7" exitcode="0" detail="" time="0.01" memory="308" score="5"/><testcase status="7" exitcode="0" detail="" time="0.01" memory="308" score="10"/><testcase status="7" exitcode="0" detail="" time="0.01" memory="308" score="10"/><testcase status="7" exitcode="0" detail="" time="0.07" memory="308" score="10"/><testcase status="7" exitcode="0" detail="" time="0.01" memory="308" score="10"/><testcase status="7" exitcode="0" detail="" time="0.03" memory="308" score="10"/><testcase status="7" exitcode="0" detail="" time="0.09" memory="308" score="10"/><testcase status="7" exitcode="0" detail="" time="0.12" memory="308" score="10"/><testcase status="7" exitcode="0" detail="" time="0.15" memory="308" score="10"/></problem><problem title="budget" filename="budget.c" status="1" hash="1863840389" detail=""><testcase status="7" exitcode="0" detail="" time="0.01" memory="8368" score="10"/><testcase status="7" exitcode="0" detail="" time="0.01" memory="8368" score="10"/><testcase status="7" exitcode="0" detail="" time="0.03" memory="8368" score="10"/><testcase status="7" exitcode="0" detail="" time="0.01" memory="8368" score="10"/><testcase status="7" exitcode="0" detail="" time="0.01" memory="8368" score="10"/><testcase status="7" exitcode="0" detail="" time="0.03" memory="8368" score="10"/><testcase status="7" exitcode="0" detail="" time="0.03" memory="8368" score="10"/><testcase status="7" exitcode="0" detail="" time="0.04" memory="8368" score="10"/><testcase status="7" exitcode="0" detail="" time="0.04" memory="8368" score="10"/><testcase status="7" exitcode="0" detail="" time="0.01" memory="8368" score="10"/></problem><problem title="energy" filename="energy.c" status="1" hash="2249504787" detail=""><testcase status="7" exitcode="0" detail="" time="0.01" memory="268" score="10"/><testcase status="7" exitcode="0" detail="" time="0.03" memory="268" score="10"/><testcase status="7" exitcode="0" detail="" time="0.01" memory="268" score="10"/><testcase status="7" exitcode="0" detail="" time="0.01" memory="268" score="10"/><testcase status="7" exitcode="0" detail="" time="0.01" memory="268" score="10"/><testcase status="7" exitcode="0" detail="" time="0.01" memory="268" score="10"/><testcase status="7" exitcode="0" detail="" time="0.01" memory="268" score="10"/><testcase status="7" exitcode="0" detail="" time="0.01" memory="268" score="10"/><testcase status="7" exitcode="0" detail="" time="0.03" memory="268" score="10"/><testcase status="7" exitcode="0" detail="" time="0.01" memory="268" score="10"/></problem></result></cena>
