<?xml version="1.0"?>
<cena version="0.8.2"><result judgetime="41501.6459733102"><problem title="cowrun" filename="cowrun.c" status="1" hash="2778114652" detail=""><testcase status="7" exitcode="0" detail="" time="0.01" memory="348" score="10"/><testcase status="7" exitcode="0" detail="" time="0.01" memory="348" score="10"/><testcase status="7" exitcode="0" detail="" time="0.01" memory="348" score="10"/><testcase status="7" exitcode="0" detail="" time="0.01" memory="348" score="10"/><testcase status="7" exitcode="0" detail="" time="0.01" memory="348" score="10"/><testcase status="7" exitcode="0" detail="" time="0.01" memory="348" score="10"/><testcase status="7" exitcode="0" detail="" time="0.03" memory="348" score="10"/><testcase status="7" exitcode="0" detail="" time="0.04" memory="348" score="10"/><testcase status="7" exitcode="0" detail="" time="0.04" memory="348" score="10"/><testcase status="7" exitcode="0" detail="" time="0.04" memory="348" score="10"/></problem><problem title="zbrka" filename="zbrka.c" status="1" hash="43234536" detail=""><testcase status="7" exitcode="0" detail="" time="0.01" memory="39412" score="5"/><testcase status="7" exitcode="0" detail="" time="0.01" memory="39412" score="5"/><testcase status="7" exitcode="0" detail="" time="0.01" memory="39412" score="5"/><testcase status="7" exitcode="0" detail="" time="0.01" memory="39412" score="5"/><testcase status="7" exitcode="0" detail="" time="0.01" memory="39412" score="10"/><testcase status="7" exitcode="0" detail="" time="0.01" memory="39412" score="10"/><testcase status="7" exitcode="0" detail="" time="0.09" memory="39412" score="10"/><testcase status="7" exitcode="0" detail="" time="0.01" memory="39412" score="10"/><testcase status="7" exitcode="0" detail="" time="0.03" memory="39412" score="10"/><testcase status="7" exitcode="0" detail="" time="0.1" memory="39412" score="10"/><testcase status="7" exitcode="0" detail="" time="0.15" memory="39412" score="10"/><testcase status="7" exitcode="0" detail="" time="0.18" memory="39412" score="10"/></problem><problem title="budget" filename="budget.c" status="1" hash="1571833452" detail=""><testcase status="7" exitcode="0" detail="" time="0.01" memory="996" score="10"/><testcase status="7" exitcode="0" detail="" time="0.01" memory="996" score="10"/><testcase status="7" exitcode="0" detail="" time="0.01" memory="996" score="10"/><testcase status="7" exitcode="0" detail="" time="0.01" memory="996" score="10"/><testcase status="7" exitcode="0" detail="" time="0.03" memory="996" score="10"/><testcase status="7" exitcode="0" detail="" time="0.01" memory="996" score="10"/><testcase status="7" exitcode="0" detail="" time="0.01" memory="996" score="10"/><testcase status="7" exitcode="0" detail="" time="0.01" memory="996" score="10"/><testcase status="7" exitcode="0" detail="" time="0.01" memory="996" score="10"/><testcase status="7" exitcode="0" detail="" time="0.01" memory="996" score="10"/></problem><problem title="energy" filename="energy.c" status="1" hash="245772528" detail=""><testcase status="7" exitcode="0" detail="" time="0.01" memory="272" score="10"/><testcase status="7" exitcode="0" detail="" time="0.01" memory="272" score="10"/><testcase status="7" exitcode="0" detail="" time="0.01" memory="272" score="10"/><testcase status="7" exitcode="0" detail="" time="0.01" memory="272" score="10"/><testcase status="7" exitcode="0" detail="" time="0.01" memory="272" score="10"/><testcase status="7" exitcode="0" detail="" time="0.01" memory="272" score="10"/><testcase status="7" exitcode="0" detail="" time="0.01" memory="272" score="10"/><testcase status="7" exitcode="0" detail="" time="0.01" memory="272" score="10"/><testcase status="7" exitcode="0" detail="" time="0.01" memory="272" score="10"/><testcase status="7" exitcode="0" detail="" time="0.01" memory="272" score="10"/></problem></result></cena>
