<?xml version="1.0"?>
<cena version="0.8.2"><result judgetime="41496.7041505671"><problem title="line" filename="line.c" status="1" hash="1192640068" detail=""><testcase status="7" exitcode="0" detail="" time="0.01" memory="428" score="10"/><testcase status="7" exitcode="0" detail="" time="0.01" memory="428" score="10"/><testcase status="7" exitcode="0" detail="" time="0.01" memory="428" score="10"/><testcase status="7" exitcode="0" detail="" time="0.01" memory="428" score="10"/><testcase status="7" exitcode="0" detail="" time="0.01" memory="428" score="10"/><testcase status="7" exitcode="0" detail="" time="0.01" memory="428" score="10"/><testcase status="7" exitcode="0" detail="" time="0.01" memory="428" score="10"/><testcase status="7" exitcode="0" detail="" time="0.01" memory="428" score="10"/><testcase status="7" exitcode="0" detail="" time="0.32" memory="428" score="10"/><testcase status="7" exitcode="0" detail="" time="0.32" memory="428" score="10"/></problem><problem title="bag" filename="bag.c" status="1" hash="3630028744" detail=""><testcase status="7" exitcode="0" detail="" time="0.01" memory="6396" score="10"/><testcase status="7" exitcode="0" detail="" time="0.03" memory="6396" score="10"/><testcase status="7" exitcode="0" detail="" time="0.01" memory="6396" score="10"/><testcase status="7" exitcode="0" detail="" time="0.01" memory="6396" score="10"/><testcase status="7" exitcode="0" detail="" time="0.01" memory="6396" score="10"/><testcase status="7" exitcode="0" detail="" time="0.01" memory="6396" score="10"/><testcase status="7" exitcode="0" detail="" time="0.01" memory="6396" score="10"/><testcase status="7" exitcode="0" detail="" time="0.01" memory="6396" score="10"/><testcase status="7" exitcode="0" detail="" time="0.01" memory="6396" score="10"/><testcase status="7" exitcode="0" detail="" time="0.01" memory="6396" score="10"/><testcase status="7" exitcode="0" detail="" time="0.01" memory="6396" score="10"/></problem></result></cena>
