<?xml version="1.0"?>
<cena version="0.8.2"><result judgetime="41496.704068287"><problem title="line" filename="line.c" status="1" hash="2577684373" detail=""><testcase status="7" exitcode="0" detail="" time="0.01" memory="488" score="10"/><testcase status="7" exitcode="0" detail="" time="0.01" memory="488" score="10"/><testcase status="7" exitcode="0" detail="" time="0.01" memory="488" score="10"/><testcase status="7" exitcode="0" detail="" time="0.01" memory="488" score="10"/><testcase status="7" exitcode="0" detail="" time="0.01" memory="488" score="10"/><testcase status="7" exitcode="0" detail="" time="0.01" memory="488" score="10"/><testcase status="7" exitcode="0" detail="" time="0.01" memory="488" score="10"/><testcase status="7" exitcode="0" detail="" time="0.01" memory="488" score="10"/><testcase status="7" exitcode="0" detail="" time="0.34" memory="488" score="10"/><testcase status="7" exitcode="0" detail="" time="0.34" memory="488" score="10"/></problem><problem title="bag" filename="bag.c" status="1" hash="1601092967" detail=""><testcase status="7" exitcode="0" detail="" time="0.01" memory="4164" score="10"/><testcase status="7" exitcode="0" detail="" time="0.01" memory="4164" score="10"/><testcase status="7" exitcode="0" detail="" time="0.01" memory="4164" score="10"/><testcase status="7" exitcode="0" detail="" time="0.03" memory="4164" score="10"/><testcase status="7" exitcode="0" detail="" time="0.01" memory="4164" score="10"/><testcase status="7" exitcode="0" detail="" time="0.01" memory="4164" score="10"/><testcase status="7" exitcode="0" detail="" time="0.01" memory="4164" score="10"/><testcase status="7" exitcode="0" detail="" time="0.01" memory="4164" score="10"/><testcase status="7" exitcode="0" detail="" time="0.01" memory="4164" score="10"/><testcase status="7" exitcode="0" detail="" time="0.01" memory="4164" score="10"/><testcase status="7" exitcode="0" detail="" time="0.01" memory="4164" score="10"/></problem></result></cena>
