<?xml version="1.0"?>
<cena version="0.8.2"><result judgetime="41501.7366178472"><problem title="cowrun" filename="cowrun.c" status="1" hash="657753930" detail=""><testcase status="7" exitcode="0" detail="" time="0.01" memory="308" score="10"/><testcase status="7" exitcode="0" detail="" time="0.01" memory="308" score="10"/><testcase status="7" exitcode="0" detail="" time="0.01" memory="308" score="10"/><testcase status="7" exitcode="0" detail="" time="0.01" memory="308" score="10"/><testcase status="7" exitcode="0" detail="" time="0.01" memory="308" score="10"/><testcase status="7" exitcode="0" detail="" time="0.01" memory="308" score="10"/><testcase status="7" exitcode="0" detail="" time="0.06" memory="308" score="10"/><testcase status="7" exitcode="0" detail="" time="0.09" memory="308" score="10"/><testcase status="7" exitcode="0" detail="" time="0.07" memory="308" score="10"/><testcase status="7" exitcode="0" detail="" time="0.09" memory="308" score="10"/></problem><problem title="zbrka" filename="zbrka.c" status="1" hash="3189811614" detail=""><testcase status="7" exitcode="0" detail="" time="0.01" memory="308" score="5"/><testcase status="7" exitcode="0" detail="" time="0.01" memory="308" score="5"/><testcase status="7" exitcode="0" detail="" time="0.01" memory="308" score="5"/><testcase status="7" exitcode="0" detail="" time="0.01" memory="308" score="5"/><testcase status="7" exitcode="0" detail="" time="0.01" memory="308" score="10"/><testcase status="7" exitcode="0" detail="" time="0.01" memory="308" score="10"/><testcase status="7" exitcode="0" detail="" time="0.07" memory="308" score="10"/><testcase status="7" exitcode="0" detail="" time="0.01" memory="308" score="10"/><testcase status="7" exitcode="0" detail="" time="0.03" memory="308" score="10"/><testcase status="7" exitcode="0" detail="" time="0.07" memory="308" score="10"/><testcase status="7" exitcode="0" detail="" time="0.12" memory="308" score="10"/><testcase status="7" exitcode="0" detail="" time="0.15" memory="308" score="10"/></problem><problem title="budget" filename="budget.c" status="1" hash="2395038802" detail=""><testcase status="7" exitcode="0" detail="" time="0.01" memory="996" score="10"/><testcase status="7" exitcode="0" detail="" time="0.01" memory="996" score="10"/><testcase status="7" exitcode="0" detail="" time="0.01" memory="996" score="10"/><testcase status="7" exitcode="0" detail="" time="0.01" memory="996" score="10"/><testcase status="7" exitcode="0" detail="" time="0.01" memory="996" score="10"/><testcase status="7" exitcode="0" detail="" time="0.01" memory="996" score="10"/><testcase status="7" exitcode="0" detail="" time="0.01" memory="996" score="10"/><testcase status="7" exitcode="0" detail="" time="0.01" memory="996" score="10"/><testcase status="7" exitcode="0" detail="" time="0.03" memory="996" score="10"/><testcase status="7" exitcode="0" detail="" time="0.01" memory="996" score="10"/></problem><problem title="energy" filename="energy.c" status="1" hash="1590885590" detail=""><testcase status="8" exitcode="0" detail="&#x5728;&#x7B2C; 1 &#x884C;:&#13;&#10;----&#x9009;&#x624B;&#x8F93;&#x51FA;&#x7684;&#x7B2C; 1 &#x5217;----&#13;&#10;&gt;988814...&#13;&#10;----&#x6807;&#x51C6;&#x8F93;&#x51FA;&#x7684;&#x7B2C; 1 &#x5217;----&#13;&#10;&gt;311826..." time="0.01" memory="584" score="0"/><testcase status="8" exitcode="0" detail="&#x5728;&#x7B2C; 1 &#x884C;:&#13;&#10;----&#x9009;&#x624B;&#x8F93;&#x51FA;&#x7684;&#x7B2C; 1 &#x5217;----&#13;&#10;&gt;537563...&#13;&#10;----&#x6807;&#x51C6;&#x8F93;&#x51FA;&#x7684;&#x7B2C; 1 &#x5217;----&#13;&#10;&gt;739729..." time="0.01" memory="584" score="0"/><testcase status="8" exitcode="0" detail="&#x5728;&#x7B2C; 1 &#x884C;:&#13;&#10;----&#x9009;&#x624B;&#x8F93;&#x51FA;&#x7684;&#x7B2C; 1 &#x5217;----&#13;&#10;&gt;616834...&#13;&#10;----&#x6807;&#x51C6;&#x8F93;&#x51FA;&#x7684;&#x7B2C; 1 &#x5217;----&#13;&#10;&gt;895011..." time="0.01" memory="584" score="0"/><testcase status="8" exitcode="0" detail="&#x5728;&#x7B2C; 1 &#x884C;:&#13;&#10;----&#x9009;&#x624B;&#x8F93;&#x51FA;&#x7684;&#x7B2C; 1 &#x5217;----&#13;&#10;&gt;365663...&#13;&#10;----&#x6807;&#x51C6;&#x8F93;&#x51FA;&#x7684;&#x7B2C; 1 &#x5217;----&#13;&#10;&gt;549229..." time="0.01" memory="584" score="0"/><testcase status="8" exitcode="0" detail="&#x5728;&#x7B2C; 1 &#x884C;:&#13;&#10;----&#x9009;&#x624B;&#x8F93;&#x51FA;&#x7684;&#x7B2C; 2 &#x5217;----&#13;&#10;&gt;...163556...&#13;&#10;----&#x6807;&#x51C6;&#x8F93;&#x51FA;&#x7684;&#x7B2C; 2 &#x5217;----&#13;&#10;&gt;...722127..." time="0.01" memory="584" score="0"/><testcase status="8" exitcode="0" detail="&#x5728;&#x7B2C; 1 &#x884C;:&#13;&#10;----&#x9009;&#x624B;&#x8F93;&#x51FA;&#x7684;&#x7B2C; 1 &#x5217;----&#13;&#10;&gt;453369...&#13;&#10;----&#x6807;&#x51C6;&#x8F93;&#x51FA;&#x7684;&#x7B2C; 1 &#x5217;----&#13;&#10;&gt;560151..." time="0.01" memory="584" score="0"/><testcase status="8" exitcode="0" detail="&#x5728;&#x7B2C; 1 &#x884C;:&#13;&#10;----&#x9009;&#x624B;&#x8F93;&#x51FA;&#x7684;&#x7B2C; 1 &#x5217;----&#13;&#10;&gt;863372...&#13;&#10;----&#x6807;&#x51C6;&#x8F93;&#x51FA;&#x7684;&#x7B2C; 1 &#x5217;----&#13;&#10;&gt;129341..." time="0.01" memory="584" score="0"/><testcase status="8" exitcode="0" detail="&#x5728;&#x7B2C; 1 &#x884C;:&#13;&#10;----&#x9009;&#x624B;&#x8F93;&#x51FA;&#x7684;&#x7B2C; 1 &#x5217;----&#13;&#10;&gt;209798...&#13;&#10;----&#x6807;&#x51C6;&#x8F93;&#x51FA;&#x7684;&#x7B2C; 1 &#x5217;----&#13;&#10;&gt;328479..." time="0.01" memory="584" score="0"/><testcase status="8" exitcode="0" detail="&#x5728;&#x7B2C; 1 &#x884C;:&#13;&#10;----&#x9009;&#x624B;&#x8F93;&#x51FA;&#x7684;&#x7B2C; 1 &#x5217;----&#13;&#10;&gt;916875...&#13;&#10;----&#x6807;&#x51C6;&#x8F93;&#x51FA;&#x7684;&#x7B2C; 1 &#x5217;----&#13;&#10;&gt;194027..." time="0.01" memory="584" score="0"/><testcase status="7" exitcode="0" detail="" time="0.01" memory="584" score="10"/></problem></result></cena>
