<?xml version="1.0"?>
<cena version="0.8.2"><result judgetime="41501.7064379051"><problem title="cowrun" filename="cowrun.c" status="1" hash="1564455397" detail=""><testcase status="7" exitcode="0" detail="" time="0.01" memory="39532" score="10"/><testcase status="7" exitcode="0" detail="" time="0.01" memory="39532" score="10"/><testcase status="7" exitcode="0" detail="" time="0.01" memory="39532" score="10"/><testcase status="7" exitcode="0" detail="" time="0.01" memory="39532" score="10"/><testcase status="7" exitcode="0" detail="" time="0.01" memory="39532" score="10"/><testcase status="7" exitcode="0" detail="" time="0.01" memory="39532" score="10"/><testcase status="7" exitcode="0" detail="" time="0.06" memory="39532" score="10"/><testcase status="7" exitcode="0" detail="" time="0.04" memory="39532" score="10"/><testcase status="7" exitcode="0" detail="" time="0.07" memory="39532" score="10"/><testcase status="7" exitcode="0" detail="" time="0.09" memory="39532" score="10"/></problem><problem title="zbrka" filename="zbrka.c" status="1" hash="523965646" detail=""><testcase status="7" exitcode="0" detail="" time="0.01" memory="39452" score="5"/><testcase status="7" exitcode="0" detail="" time="0.01" memory="39452" score="5"/><testcase status="7" exitcode="0" detail="" time="0.01" memory="39452" score="5"/><testcase status="7" exitcode="0" detail="" time="0.01" memory="39452" score="5"/><testcase status="7" exitcode="0" detail="" time="0.01" memory="39452" score="10"/><testcase status="7" exitcode="0" detail="" time="0.01" memory="39452" score="10"/><testcase status="7" exitcode="0" detail="" time="0.07" memory="39452" score="10"/><testcase status="7" exitcode="0" detail="" time="0.01" memory="39452" score="10"/><testcase status="7" exitcode="0" detail="" time="0.03" memory="39452" score="10"/><testcase status="7" exitcode="0" detail="" time="0.1" memory="39448" score="10"/><testcase status="7" exitcode="0" detail="" time="0.17" memory="39448" score="10"/><testcase status="7" exitcode="0" detail="" time="0.18" memory="39448" score="10"/></problem><problem title="budget" filename="budget.c" status="1" hash="1804465425" detail=""><testcase status="7" exitcode="0" detail="" time="0.01" memory="996" score="10"/><testcase status="7" exitcode="0" detail="" time="0.01" memory="996" score="10"/><testcase status="7" exitcode="0" detail="" time="0.01" memory="996" score="10"/><testcase status="7" exitcode="0" detail="" time="0.01" memory="996" score="10"/><testcase status="7" exitcode="0" detail="" time="0.01" memory="996" score="10"/><testcase status="7" exitcode="0" detail="" time="0.01" memory="996" score="10"/><testcase status="7" exitcode="0" detail="" time="0.01" memory="996" score="10"/><testcase status="7" exitcode="0" detail="" time="0.03" memory="996" score="10"/><testcase status="7" exitcode="0" detail="" time="0.03" memory="996" score="10"/><testcase status="7" exitcode="0" detail="" time="0.01" memory="996" score="10"/></problem><problem title="energy" filename="energy.c" status="1" hash="1444940477" detail=""><testcase status="7" exitcode="0" detail="" time="0.01" memory="272" score="10"/><testcase status="7" exitcode="0" detail="" time="0.01" memory="272" score="10"/><testcase status="7" exitcode="0" detail="" time="0.01" memory="272" score="10"/><testcase status="7" exitcode="0" detail="" time="0.01" memory="272" score="10"/><testcase status="7" exitcode="0" detail="" time="0.01" memory="272" score="10"/><testcase status="7" exitcode="0" detail="" time="0.01" memory="272" score="10"/><testcase status="7" exitcode="0" detail="" time="0.01" memory="272" score="10"/><testcase status="7" exitcode="0" detail="" time="0.03" memory="272" score="10"/><testcase status="7" exitcode="0" detail="" time="0.03" memory="272" score="10"/><testcase status="7" exitcode="0" detail="" time="0.01" memory="272" score="10"/></problem></result></cena>
