<?xml version="1.0"?>
<cena version="0.8.2"><result judgetime="41501.6461071412"><problem title="cowrun" filename="cowrun.c" status="1" hash="941358658" detail=""><testcase status="7" exitcode="0" detail="" time="0.03" memory="1404" score="10"/><testcase status="7" exitcode="0" detail="" time="0.01" memory="1404" score="10"/><testcase status="7" exitcode="0" detail="" time="0.01" memory="1404" score="10"/><testcase status="7" exitcode="0" detail="" time="0.01" memory="1404" score="10"/><testcase status="7" exitcode="0" detail="" time="0.03" memory="1404" score="10"/><testcase status="7" exitcode="0" detail="" time="0.03" memory="1404" score="10"/><testcase status="7" exitcode="0" detail="" time="0.03" memory="1404" score="10"/><testcase status="7" exitcode="0" detail="" time="0.03" memory="1404" score="10"/><testcase status="7" exitcode="0" detail="" time="0.04" memory="1404" score="10"/><testcase status="7" exitcode="0" detail="" time="0.04" memory="1404" score="10"/></problem><problem title="zbrka" filename="zbrka.c" status="1" hash="2028254463" detail=""><testcase status="7" exitcode="0" detail="" time="0.01" memory="39936" score="5"/><testcase status="7" exitcode="0" detail="" time="0.01" memory="39936" score="5"/><testcase status="7" exitcode="0" detail="" time="0.01" memory="39936" score="5"/><testcase status="7" exitcode="0" detail="" time="0.01" memory="39936" score="5"/><testcase status="7" exitcode="0" detail="" time="0.01" memory="39936" score="10"/><testcase status="7" exitcode="0" detail="" time="0.01" memory="39936" score="10"/><testcase status="7" exitcode="0" detail="" time="0.1" memory="39936" score="10"/><testcase status="7" exitcode="0" detail="" time="0.01" memory="39936" score="10"/><testcase status="7" exitcode="0" detail="" time="0.04" memory="39936" score="10"/><testcase status="7" exitcode="0" detail="" time="0.12" memory="39936" score="10"/><testcase status="7" exitcode="0" detail="" time="0.21" memory="39936" score="10"/><testcase status="7" exitcode="0" detail="" time="0.25" memory="39936" score="10"/></problem><problem title="budget" filename="budget.c" status="1" hash="405109282" detail=""><testcase status="7" exitcode="0" detail="" time="0.01" memory="1508" score="10"/><testcase status="7" exitcode="0" detail="" time="0.01" memory="1508" score="10"/><testcase status="7" exitcode="0" detail="" time="0.01" memory="1508" score="10"/><testcase status="7" exitcode="0" detail="" time="0.01" memory="1508" score="10"/><testcase status="7" exitcode="0" detail="" time="0.01" memory="1508" score="10"/><testcase status="7" exitcode="0" detail="" time="0.01" memory="1508" score="10"/><testcase status="7" exitcode="0" detail="" time="0.01" memory="1508" score="10"/><testcase status="7" exitcode="0" detail="" time="0.01" memory="1508" score="10"/><testcase status="7" exitcode="0" detail="" time="0.01" memory="1508" score="10"/><testcase status="7" exitcode="0" detail="" time="0.01" memory="1508" score="10"/></problem><problem title="energy" filename="energy.c" status="1" hash="3379555746" detail=""><testcase status="7" exitcode="0" detail="" time="0.01" memory="544" score="10"/><testcase status="7" exitcode="0" detail="" time="0.01" memory="544" score="10"/><testcase status="7" exitcode="0" detail="" time="0.01" memory="544" score="10"/><testcase status="7" exitcode="0" detail="" time="0.01" memory="544" score="10"/><testcase status="7" exitcode="0" detail="" time="0.01" memory="544" score="10"/><testcase status="7" exitcode="0" detail="" time="0.01" memory="544" score="10"/><testcase status="7" exitcode="0" detail="" time="0.01" memory="544" score="10"/><testcase status="7" exitcode="0" detail="" time="0.01" memory="544" score="10"/><testcase status="7" exitcode="0" detail="" time="0.01" memory="544" score="10"/><testcase status="7" exitcode="0" detail="" time="0.03" memory="544" score="10"/></problem></result></cena>
