<?xml version="1.0"?>
<cena version="0.8.2"><result judgetime="41501.6955385648"><problem title="cowrun" filename="cowrun.c" status="1" hash="3423103747" detail=""><testcase status="7" exitcode="0" detail="" time="0.01" memory="348" score="10"/><testcase status="7" exitcode="0" detail="" time="0.01" memory="348" score="10"/><testcase status="7" exitcode="0" detail="" time="0.01" memory="348" score="10"/><testcase status="7" exitcode="0" detail="" time="0.01" memory="348" score="10"/><testcase status="7" exitcode="0" detail="" time="0.01" memory="348" score="10"/><testcase status="7" exitcode="0" detail="" time="0.01" memory="348" score="10"/><testcase status="7" exitcode="0" detail="" time="0.03" memory="348" score="10"/><testcase status="7" exitcode="0" detail="" time="0.04" memory="348" score="10"/><testcase status="7" exitcode="0" detail="" time="0.04" memory="348" score="10"/><testcase status="7" exitcode="0" detail="" time="0.04" memory="348" score="10"/></problem><problem title="zbrka" filename="zbrka.c" status="1" hash="3611100971" detail=""><testcase status="7" exitcode="0" detail="" time="0.01" memory="39584" score="5"/><testcase status="7" exitcode="0" detail="" time="0.01" memory="39584" score="5"/><testcase status="7" exitcode="0" detail="" time="0.01" memory="39584" score="5"/><testcase status="7" exitcode="0" detail="" time="0.01" memory="39584" score="5"/><testcase status="7" exitcode="0" detail="" time="0.01" memory="39584" score="10"/><testcase status="7" exitcode="0" detail="" time="0.01" memory="39584" score="10"/><testcase status="7" exitcode="0" detail="" time="0.1" memory="39584" score="10"/><testcase status="7" exitcode="0" detail="" time="0.01" memory="39584" score="10"/><testcase status="7" exitcode="0" detail="" time="0.03" memory="39584" score="10"/><testcase status="7" exitcode="0" detail="" time="0.12" memory="39584" score="10"/><testcase status="7" exitcode="0" detail="" time="0.18" memory="39584" score="10"/><testcase status="7" exitcode="0" detail="" time="0.17" memory="39584" score="10"/></problem><problem title="budget" filename="budget.c" status="1" hash="1713295186" detail=""><testcase status="7" exitcode="0" detail="" time="0.01" memory="8364" score="10"/><testcase status="7" exitcode="0" detail="" time="0.01" memory="8364" score="10"/><testcase status="7" exitcode="0" detail="" time="0.01" memory="8364" score="10"/><testcase status="7" exitcode="0" detail="" time="0.01" memory="8364" score="10"/><testcase status="7" exitcode="0" detail="" time="0.01" memory="8364" score="10"/><testcase status="7" exitcode="0" detail="" time="0.03" memory="8364" score="10"/><testcase status="7" exitcode="0" detail="" time="0.03" memory="8364" score="10"/><testcase status="7" exitcode="0" detail="" time="0.04" memory="8364" score="10"/><testcase status="7" exitcode="0" detail="" time="0.04" memory="8364" score="10"/><testcase status="7" exitcode="0" detail="" time="0.01" memory="8364" score="10"/></problem><problem title="energy" filename="energy.c" status="1" hash="2846321569" detail=""><testcase status="7" exitcode="0" detail="" time="0.01" memory="4184" score="10"/><testcase status="7" exitcode="0" detail="" time="0.01" memory="4184" score="10"/><testcase status="7" exitcode="0" detail="" time="0.01" memory="4184" score="10"/><testcase status="7" exitcode="0" detail="" time="0.01" memory="4184" score="10"/><testcase status="7" exitcode="0" detail="" time="0.01" memory="4184" score="10"/><testcase status="7" exitcode="0" detail="" time="0.01" memory="4184" score="10"/><testcase status="7" exitcode="0" detail="" time="0.01" memory="4184" score="10"/><testcase status="7" exitcode="0" detail="" time="0.03" memory="4184" score="10"/><testcase status="7" exitcode="0" detail="" time="0.03" memory="4184" score="10"/><testcase status="7" exitcode="0" detail="" time="0.01" memory="4184" score="10"/></problem></result></cena>
