<?xml version="1.0"?>
<cena version="0.8.2"><result judgetime="41501.6745466319"><problem title="cowrun" filename="cowrun.c" status="1" hash="848508400" detail=""><testcase status="7" exitcode="0" detail="" time="0.01" memory="348" score="10"/><testcase status="7" exitcode="0" detail="" time="0.01" memory="348" score="10"/><testcase status="7" exitcode="0" detail="" time="0.01" memory="348" score="10"/><testcase status="7" exitcode="0" detail="" time="0.01" memory="348" score="10"/><testcase status="7" exitcode="0" detail="" time="0.01" memory="348" score="10"/><testcase status="7" exitcode="0" detail="" time="0.01" memory="348" score="10"/><testcase status="7" exitcode="0" detail="" time="0.03" memory="348" score="10"/><testcase status="7" exitcode="0" detail="" time="0.03" memory="348" score="10"/><testcase status="7" exitcode="0" detail="" time="0.04" memory="348" score="10"/><testcase status="7" exitcode="0" detail="" time="0.04" memory="348" score="10"/></problem><problem title="zbrka" filename="zbrka.c" status="1" hash="1495327858" detail=""><testcase status="7" exitcode="0" detail="" time="0.01" memory="308" score="5"/><testcase status="7" exitcode="0" detail="" time="0.01" memory="308" score="5"/><testcase status="7" exitcode="0" detail="" time="0.01" memory="308" score="5"/><testcase status="7" exitcode="0" detail="" time="0.01" memory="308" score="5"/><testcase status="7" exitcode="0" detail="" time="0.01" memory="308" score="10"/><testcase status="7" exitcode="0" detail="" time="0.01" memory="308" score="10"/><testcase status="7" exitcode="0" detail="" time="0.07" memory="308" score="10"/><testcase status="7" exitcode="0" detail="" time="0.01" memory="308" score="10"/><testcase status="7" exitcode="0" detail="" time="0.03" memory="308" score="10"/><testcase status="7" exitcode="0" detail="" time="0.06" memory="308" score="10"/><testcase status="7" exitcode="0" detail="" time="0.14" memory="308" score="10"/><testcase status="7" exitcode="0" detail="" time="0.15" memory="308" score="10"/></problem><problem title="budget" filename="budget.c" status="1" hash="1217510538" detail=""><testcase status="7" exitcode="0" detail="" time="0.01" memory="1000" score="10"/><testcase status="7" exitcode="0" detail="" time="0.01" memory="1000" score="10"/><testcase status="7" exitcode="0" detail="" time="0.01" memory="1000" score="10"/><testcase status="7" exitcode="0" detail="" time="0.01" memory="1000" score="10"/><testcase status="7" exitcode="0" detail="" time="0.03" memory="1000" score="10"/><testcase status="7" exitcode="0" detail="" time="0.01" memory="1000" score="10"/><testcase status="7" exitcode="0" detail="" time="0.01" memory="1000" score="10"/><testcase status="7" exitcode="0" detail="" time="0.01" memory="1000" score="10"/><testcase status="7" exitcode="0" detail="" time="0.01" memory="1000" score="10"/><testcase status="7" exitcode="0" detail="" time="0.01" memory="1000" score="10"/></problem><problem title="energy" filename="energy.c" status="1" hash="3387111100" detail=""><testcase status="7" exitcode="0" detail="" time="0.01" memory="392" score="10"/><testcase status="7" exitcode="0" detail="" time="0.01" memory="392" score="10"/><testcase status="7" exitcode="0" detail="" time="0.01" memory="392" score="10"/><testcase status="7" exitcode="0" detail="" time="0.01" memory="392" score="10"/><testcase status="7" exitcode="0" detail="" time="0.01" memory="392" score="10"/><testcase status="7" exitcode="0" detail="" time="0.01" memory="392" score="10"/><testcase status="7" exitcode="0" detail="" time="0.01" memory="392" score="10"/><testcase status="7" exitcode="0" detail="" time="0.03" memory="392" score="10"/><testcase status="7" exitcode="0" detail="" time="0.01" memory="392" score="10"/><testcase status="7" exitcode="0" detail="" time="0.01" memory="392" score="10"/></problem></result></cena>
