<?xml version="1.0"?>
<cena version="0.8.2"><result judgetime="41496.7043274306"><problem title="line" filename="line.c" status="1" hash="654487508" detail=""><testcase status="7" exitcode="0" detail="" time="0.01" memory="348" score="10"/><testcase status="7" exitcode="0" detail="" time="0.01" memory="348" score="10"/><testcase status="7" exitcode="0" detail="" time="0.01" memory="348" score="10"/><testcase status="7" exitcode="0" detail="" time="0.01" memory="348" score="10"/><testcase status="7" exitcode="0" detail="" time="0.01" memory="348" score="10"/><testcase status="7" exitcode="0" detail="" time="0.01" memory="348" score="10"/><testcase status="7" exitcode="0" detail="" time="0.01" memory="348" score="10"/><testcase status="7" exitcode="0" detail="" time="0.01" memory="348" score="10"/><testcase status="7" exitcode="0" detail="" time="0.32" memory="348" score="10"/><testcase status="7" exitcode="0" detail="" time="0.31" memory="348" score="10"/></problem><problem title="bag" filename="bag.c" status="1" hash="355572287" detail=""><testcase status="7" exitcode="0" detail="" time="0.03" memory="240" score="10"/><testcase status="7" exitcode="0" detail="" time="0.01" memory="240" score="10"/><testcase status="7" exitcode="0" detail="" time="0.01" memory="240" score="10"/><testcase status="7" exitcode="0" detail="" time="0.01" memory="240" score="10"/><testcase status="7" exitcode="0" detail="" time="0.01" memory="240" score="10"/><testcase status="7" exitcode="0" detail="" time="0.01" memory="240" score="10"/><testcase status="7" exitcode="0" detail="" time="0.01" memory="240" score="10"/><testcase status="7" exitcode="0" detail="" time="0.01" memory="240" score="10"/><testcase status="7" exitcode="0" detail="" time="0.01" memory="240" score="10"/><testcase status="7" exitcode="0" detail="" time="0.01" memory="240" score="10"/><testcase status="7" exitcode="0" detail="" time="0.01" memory="240" score="10"/></problem></result></cena>
