<?xml version="1.0"?>
<cena version="0.8.2"><result judgetime="41496.7062962963"><problem title="line" filename="line.c" status="1" hash="2374579222" detail=""><testcase status="7" exitcode="0" detail="" time="0.01" memory="1012" score="10"/><testcase status="7" exitcode="0" detail="" time="0.01" memory="1012" score="10"/><testcase status="7" exitcode="0" detail="" time="0.01" memory="1012" score="10"/><testcase status="7" exitcode="0" detail="" time="0.01" memory="1012" score="10"/><testcase status="7" exitcode="0" detail="" time="0.01" memory="1012" score="10"/><testcase status="7" exitcode="0" detail="" time="0.01" memory="1012" score="10"/><testcase status="7" exitcode="0" detail="" time="0.01" memory="1012" score="10"/><testcase status="7" exitcode="0" detail="" time="0.01" memory="1012" score="10"/><testcase status="7" exitcode="0" detail="" time="0.32" memory="992" score="10"/><testcase status="7" exitcode="0" detail="" time="0.34" memory="992" score="10"/></problem><problem title="bag" filename="bag.c" status="1" hash="2167690794" detail=""><testcase status="7" exitcode="0" detail="" time="0.01" memory="4188" score="10"/><testcase status="7" exitcode="0" detail="" time="0.01" memory="4188" score="10"/><testcase status="7" exitcode="0" detail="" time="0.01" memory="4188" score="10"/><testcase status="7" exitcode="0" detail="" time="0.01" memory="4188" score="10"/><testcase status="7" exitcode="0" detail="" time="0.01" memory="4188" score="10"/><testcase status="7" exitcode="0" detail="" time="0.01" memory="4188" score="10"/><testcase status="7" exitcode="0" detail="" time="0.01" memory="4188" score="10"/><testcase status="7" exitcode="0" detail="" time="0.01" memory="4188" score="10"/><testcase status="7" exitcode="0" detail="" time="0.01" memory="4188" score="10"/><testcase status="7" exitcode="0" detail="" time="0.01" memory="4188" score="10"/><testcase status="7" exitcode="0" detail="" time="0.01" memory="4188" score="10"/></problem></result></cena>
