<?xml version="1.0"?>
<cena version="0.8.2"><result judgetime="41501.7131454398"><problem title="cowrun" filename="cowrun.c" status="1" hash="4032611827" detail=""><testcase status="7" exitcode="0" detail="" time="0.01" memory="348" score="10"/><testcase status="7" exitcode="0" detail="" time="0.01" memory="348" score="10"/><testcase status="7" exitcode="0" detail="" time="0.01" memory="348" score="10"/><testcase status="7" exitcode="0" detail="" time="0.01" memory="348" score="10"/><testcase status="7" exitcode="0" detail="" time="0.01" memory="348" score="10"/><testcase status="7" exitcode="0" detail="" time="0.01" memory="348" score="10"/><testcase status="7" exitcode="0" detail="" time="0.04" memory="348" score="10"/><testcase status="7" exitcode="0" detail="" time="0.04" memory="328" score="10"/><testcase status="7" exitcode="0" detail="" time="0.04" memory="328" score="10"/><testcase status="7" exitcode="0" detail="" time="0.04" memory="328" score="10"/></problem><problem title="zbrka" filename="zbrka.c" status="1" hash="3320348897" detail=""><testcase status="7" exitcode="0" detail="" time="0.01" memory="78860" score="5"/><testcase status="7" exitcode="0" detail="" time="0.01" memory="78860" score="5"/><testcase status="7" exitcode="0" detail="" time="0.01" memory="78860" score="5"/><testcase status="7" exitcode="0" detail="" time="0.01" memory="78840" score="5"/><testcase status="7" exitcode="0" detail="" time="0.01" memory="78840" score="10"/><testcase status="7" exitcode="0" detail="" time="0.01" memory="78840" score="10"/><testcase status="7" exitcode="0" detail="" time="0.09" memory="78840" score="10"/><testcase status="7" exitcode="0" detail="" time="0.01" memory="78840" score="10"/><testcase status="7" exitcode="0" detail="" time="0.03" memory="78840" score="10"/><testcase status="7" exitcode="0" detail="" time="0.12" memory="78840" score="10"/><testcase status="7" exitcode="0" detail="" time="0.18" memory="78840" score="10"/><testcase status="7" exitcode="0" detail="" time="0.2" memory="78840" score="10"/></problem><problem title="budget" filename="budget.c" status="1" hash="1681002268" detail=""><testcase status="7" exitcode="0" detail="" time="0.01" memory="1052" score="10"/><testcase status="7" exitcode="0" detail="" time="0.01" memory="1052" score="10"/><testcase status="7" exitcode="0" detail="" time="0.01" memory="1052" score="10"/><testcase status="7" exitcode="0" detail="" time="0.01" memory="1052" score="10"/><testcase status="7" exitcode="0" detail="" time="0.03" memory="1052" score="10"/><testcase status="7" exitcode="0" detail="" time="0.01" memory="1052" score="10"/><testcase status="7" exitcode="0" detail="" time="0.01" memory="1052" score="10"/><testcase status="7" exitcode="0" detail="" time="0.03" memory="1052" score="10"/><testcase status="7" exitcode="0" detail="" time="0.01" memory="1052" score="10"/><testcase status="7" exitcode="0" detail="" time="0.01" memory="1052" score="10"/></problem><problem title="energy" filename="energy.c" status="1" hash="4248546954" detail=""><testcase status="7" exitcode="0" detail="" time="0.01" memory="272" score="10"/><testcase status="7" exitcode="0" detail="" time="0.01" memory="272" score="10"/><testcase status="7" exitcode="0" detail="" time="0.01" memory="272" score="10"/><testcase status="7" exitcode="0" detail="" time="0.01" memory="272" score="10"/><testcase status="7" exitcode="0" detail="" time="0.03" memory="272" score="10"/><testcase status="7" exitcode="0" detail="" time="0.01" memory="272" score="10"/><testcase status="7" exitcode="0" detail="" time="0.01" memory="272" score="10"/><testcase status="7" exitcode="0" detail="" time="0.01" memory="272" score="10"/><testcase status="7" exitcode="0" detail="" time="0.01" memory="272" score="10"/><testcase status="7" exitcode="0" detail="" time="0.01" memory="272" score="10"/></problem></result></cena>
