<?xml version="1.0"?>
<cena version="0.8.2"><result judgetime="41496.705875463"><problem title="line" filename="line.c" status="1" hash="3977342966" detail=""><testcase status="7" exitcode="0" detail="" time="0.01" memory="308" score="10"/><testcase status="7" exitcode="0" detail="" time="0.01" memory="308" score="10"/><testcase status="7" exitcode="0" detail="" time="0.01" memory="308" score="10"/><testcase status="7" exitcode="0" detail="" time="0.01" memory="308" score="10"/><testcase status="7" exitcode="0" detail="" time="0.01" memory="308" score="10"/><testcase status="7" exitcode="0" detail="" time="0.01" memory="308" score="10"/><testcase status="7" exitcode="0" detail="" time="0.01" memory="308" score="10"/><testcase status="7" exitcode="0" detail="" time="0.03" memory="308" score="10"/><testcase status="7" exitcode="0" detail="" time="0.32" memory="308" score="10"/><testcase status="7" exitcode="0" detail="" time="0.34" memory="308" score="10"/></problem><problem title="bag" filename="bag.c" status="1" hash="1476690776" detail=""><testcase status="7" exitcode="0" detail="" time="0.01" memory="4156" score="10"/><testcase status="7" exitcode="0" detail="" time="0.03" memory="4156" score="10"/><testcase status="7" exitcode="0" detail="" time="0.01" memory="4156" score="10"/><testcase status="7" exitcode="0" detail="" time="0.01" memory="4156" score="10"/><testcase status="7" exitcode="0" detail="" time="0.01" memory="4156" score="10"/><testcase status="7" exitcode="0" detail="" time="0.03" memory="4156" score="10"/><testcase status="7" exitcode="0" detail="" time="0.01" memory="4156" score="10"/><testcase status="7" exitcode="0" detail="" time="0.01" memory="4156" score="10"/><testcase status="7" exitcode="0" detail="" time="0.01" memory="4156" score="10"/><testcase status="7" exitcode="0" detail="" time="0.01" memory="4156" score="10"/><testcase status="7" exitcode="0" detail="" time="0.01" memory="4156" score="10"/></problem></result></cena>
